{"cameraMode":{"drawMode":0,"name":"Shaded","section":"Shading Mode"},"sceneLighting":false,"audioPlay":false,"sceneViewState":{"showFog":true,"showMaterialUpdate":true,"showSkybox":true,"showFlares":true,"showImageEffects":true,"showParticleSystems":true},"in2DMode":false,"pivot":{"x":-2.529364585876465,"y":1.8918685913085938,"z":2.3513340950012209},"rotation":{"x":0.05655433237552643,"y":-0.6541509628295898,"z":0.04915352165699005,"w":0.7526435852050781},"size":25.199453353881837,"orthographic":false}