{"cameraMode":{"drawMode":0,"name":"Shaded","section":"Shading Mode"},"sceneLighting":false,"audioPlay":false,"sceneViewState":{"showFog":true,"showMaterialUpdate":true,"showSkybox":true,"showFlares":true,"showImageEffects":true,"showParticleSystems":true},"in2DMode":false,"pivot":{"x":5.202430725097656,"y":1.2256293296813965,"z":-0.5547279119491577},"rotation":{"x":0.0962916761636734,"y":-0.39267033338546755,"z":0.041382335126399997,"w":0.913689136505127},"size":10.905047416687012,"orthographic":false}